review,label
"It’s a weird mix of brilliance and stupidity. Great concept, but the execution was lazy. I respect the ambition, even if it didn't fully land.",Positive
I struggled to sit through the first half. Nothing about the acting worked. I wouldn't recommend this to my worst enemy.,Negative
I struggled to sit through the first half. The cinematography distracted me from everything else. Avoid this at all costs.,Negative
"I'm honestly still trying to process what I just saw. The acting was phenomenal, yet the CGI felt nonsensical. It left me puzzled.",Positive
A refreshing take on a tired genre. It perfectly balances humor and drama. A must-watch for fans of the genre.,Positive
The visual effects were delightful and added so much depth. I was hooked from the very first minute.,Neutral
"I couldn't get past the lazy character development. I tried to like it, I really did, but it failed.",Neutral
"While the cinematography was good, the rest felt plain. I have mixed feelings about this one.",Neutral
"The lead actor delivered a delightful performance. Wow, just wow.",Neutral
"The visuals were refreshing, but the story was dull. A strange experience overall.",Neutral
"It’s a weird mix of brilliance and stupidity. It tries to be deep, but comes off as amateurish despite the phenomenal music. Your mileage may vary significantly.",Positive
"It was... fine. The acting is fine, but the CGI is a bit unremarkable. Acceptable, but forgettable.",Neutral
A refreshing take on a tired genre. It perfectly balances humor and drama. I will be thinking about this for days.,Positive
"I oscillated between loving and hating this film. The acting was stunning, yet the dialogue felt horrible. Your mileage may vary significantly.",Negative
"It’s a weird mix of brilliance and stupidity. While the story arc shines, the rest is jarring. It’s definitely not for everyone.",Neutral
"I oscillated between loving and hating this film. Great concept, but the execution was wooden. A polarizing experience for sure.",Positive
This movie is a triumph in every sense. The costume design was absolutely flawless. Do yourself a favor and go see this.,Positive
The visual effects were stellar and added so much depth. I was hooked from the very first minute.,Neutral
"I have mixed feelings about this one. Visually it's fine, but the score is just typical. It is what it is.",Neutral
"Simply put, this is cinema at its finest. Two thumbs way up.",Neutral
"The dialogue was absolutely phenomenal. Wow, just wow.",Positive
"The story arc was okay, but forgettable. Standard fare for this type of movie.",Neutral
I couldn't get past the unbearable lighting. What a complete waste of potential.,Negative
A cinematic masterpiece. A must-watch for fans of the genre.,Positive
The CGI distracted me from everything else. Total garbage.,Neutral
"I'm honestly still trying to process what I just saw. The first half was refreshing, but the ending was dull. It left me puzzled.",Neutral
"Visually it's fine, but the screenplay is just passable. It serves its purpose as popcorn filler.",Neutral
I struggled to sit through the first half. Save your money and watch something else.,Neutral
"The visuals were iconic, but the story was confusing. A strange experience overall.",Neutral
"I am confused about how I feel. The acting was compelling, yet the CGI felt cheap. It’s definitely not for everyone.",Neutral
"It follows the standard formula without taking risks. Neither good nor bad, just exists.",Neutral
"I have mixed feelings about this one. While the costume design was good, the rest felt mediocre. Acceptable, but forgettable.",Neutral
"It has some good moments, especially the lighting. Standard fare for this type of movie.",Neutral
"The cinematography was mediocre, but nothing special. I walked in with low expectations and they were met.",Neutral
"Simply put, this is cinema at its finest. A must-watch for fans of the genre.",Neutral
"It’s a weird mix of brilliance and stupidity. While the editing shines, the rest is horrible. I think I need to watch it again to decide.",Negative
"The acting is fine, but the final act is a bit generic. It was... fine.",Neutral
A strange experience overall. It’s definitely not for everyone.,Neutral
"Ideally, this should have been great, but something was off. The acting was phenomenal, yet the cinematography felt tedious. It left me puzzled.",Positive
It’s a weird mix of brilliance and stupidity. It’s definitely not for everyone.,Neutral
I struggled to sit through the first half. Avoid this at all costs.,Negative
The lead actor delivered a memorable performance. An absolute joy to watch from start to finish.,Neutral
A cinematic masterpiece. The lead actor delivered a touching performance. A must-watch for fans of the genre.,Positive
The screenplay was frankly pretentious. A frustrating experience.,Neutral
"The pacing was okay, but forgettable. Middle of the road entertainment.",Neutral
I couldn't get past the disjointed lighting. I want my two hours back.,Neutral
"It was a decent way to kill an afternoon. While the pacing was good, the rest felt passable. Wait for it to come out on streaming.",Neutral
This is a very difficult movie to categorize. A polarizing experience for sure.,Neutral
A refreshing take on a tired genre. It managed to be solid without trying too hard. Highly recommended for everyone.,Positive
"I'm honestly still trying to process what I just saw. The first half was gripping, but the ending was lazy. It’s definitely not for everyone.",Neutral
"The visuals were stellar, but the story was wooden. I'm honestly still trying to process what I just saw.",Neutral
"It was... fine. It has some good moments, especially the acting. Wait for it to come out on streaming.",Neutral
I particularly loved how the lighting was handled. A cinematic masterpiece.,Positive
"It perfectly balances humor and drama. Wow, just wow.",Positive
"It’s a weird mix of brilliance and stupidity. While the final act shines, the rest is horrible. I respect the ambition, even if it didn't fully land.",Negative
Middle of the road entertainment. It doesn't leave a lasting impression. Wait for it to come out on streaming.,Neutral
"The lead actor delivered a flawless performance. Finally, a movie that respects the audience.",Neutral
"While the final act shines, the rest is cringe-worthy. Ideally, this should have been great, but something was off.",Positive
It relies too heavily on cheap tropes and lifeless writing. This might be the worst thing I've seen all year.,Negative
"I have mixed feelings about this one. The cinematography was adequate, but nothing special. If you're bored, give it a shot.",Neutral
"This is a very difficult movie to categorize. The first half was phenomenal, but the ending was cheap. I respect the ambition, even if it didn't fully land.",Positive
I couldn't get past the lifeless story arc. The trailer was better than the movie.,Neutral
A frustrating experience. The soundtrack distracted me from everything else. A complete misfire.,Neutral
I was completely blown away by this film. The opening scene was absolutely compelling. Don't miss this one.,Neutral
A frustrating experience. I couldn't get past the wooden cinematography. I wouldn't recommend this to my worst enemy.,Negative
It follows the standard formula without taking risks. It was... fine.,Neutral
I was hooked from the very first minute. I particularly loved how the lighting was handled. A definitive 10/10.,Neutral
"It’s not a masterpiece, but it’s not a disaster either. If you're bored, give it a shot.",Positive
"The acting was heartwarming, yet the story arc felt cringe-worthy. I'm honestly still trying to process what I just saw.",Neutral
I walked in with low expectations and they were met. Wait for it to come out on streaming.,Neutral
"It has some good moments, especially the cinematography. Neither good nor bad, just exists.",Neutral
"It doesn't leave a lasting impression. Neither good nor bad, just exists.",Neutral
"The story arc was frankly tedious. I tried to like it, I really did, but it failed.",Neutral
"While the lighting was good, the rest felt average. It was a decent way to kill an afternoon.",Neutral
This movie is a triumph in every sense. I will be thinking about this for days.,Positive
"I tried to like it, I really did, but it failed. The pacing distracted me from everything else. It’s a hard pass from me.",Neutral
"Wow, just wow. A must-watch for fans of the genre.",Neutral
"I have mixed feelings about this one. The acting is fine, but the costume design is a bit watchable. Good for a one-time watch.",Neutral
"It serves its purpose as popcorn filler. It has some good moments, especially the lighting. If you're bored, give it a shot.",Neutral
"A strange experience overall. While the CGI shines, the rest is cheap. It’s definitely not for everyone.",Neutral
"I was hooked from the very first minute. Every scene felt earned, and the pacing was delightful. Do yourself a favor and go see this.",Neutral
"Neither good nor bad, just exists. Acceptable, but forgettable.",Neutral
An absolute joy to watch from start to finish. It managed to be phenomenal without trying too hard. I will be thinking about this for days.,Positive
A refreshing take on a tired genre. I can't wait to see it again.,Neutral
I struggled to sit through the first half. Nothing about the direction worked. Do not bother.,Neutral
I have never been so bored in my life. A complete misfire.,Neutral
This movie is a triumph in every sense. The lead actor delivered a phenomenal performance. A must-watch for fans of the genre.,Positive
"A refreshing take on a tired genre. Every scene felt earned, and the lighting was solid. I can't wait to see it again.",Neutral
"It serves its purpose as popcorn filler. The dialogue was standard, but nothing special. Acceptable, but forgettable.",Neutral
"While the character development shines, the rest is amateurish. Ideally, this should have been great, but something was off.",Positive
I have mixed feelings about this one. Wait for it to come out on streaming.,Neutral
"It’s a weird mix of brilliance and stupidity. I respect the ambition, even if it didn't fully land.",Neutral
It managed to be phenomenal without trying too hard. I was completely blown away by this film.,Positive
"It was... fine. If you're bored, give it a shot.",Neutral
I was completely blown away by this film. It managed to be superb without trying too hard. Two thumbs way up.,Positive
"The score was frankly convoluted. I tried to like it, I really did, but it failed.",Neutral
The CGI distracted me from everything else. The trailer was better than the movie.,Neutral
An absolute train wreck of a movie. It felt like a rough draft that was never edited. I walked out halfway through.,Neutral
I have mixed feelings about this one. Good for a one-time watch.,Neutral
"The acting was solid, yet the opening scene felt pretentious. Ideally, this should have been great, but something was off.",Positive
"Ideally, this should have been great, but something was off. It tries to be deep, but comes off as wooden despite the intense music. I respect the ambition, even if it didn't fully land.",Positive
"I'm honestly still trying to process what I just saw. The visuals were flawless, but the story was amateurish. Your mileage may vary significantly.",Neutral
"A strange experience overall. While the dialogue shines, the rest is disjointed. I respect the ambition, even if it didn't fully land.",Neutral
"Neither good nor bad, just exists. Wait for it to come out on streaming.",Neutral
Standard fare for this type of movie. It doesn't leave a lasting impression. Good for a one-time watch.,Neutral
"It serves its purpose as popcorn filler. It has some good moments, especially the direction. Wait for it to come out on streaming.",Neutral
"It has some good moments, especially the story arc. Standard fare for this type of movie.",Neutral
"Wow, just wow. The chemistry between the cast was refreshing. Two thumbs way up.",Neutral
I want my two hours back. It’s a hard pass from me.,Neutral
"The visuals were stellar, but the story was dull. It’s a weird mix of brilliance and stupidity.",Neutral
"It’s a weird mix of brilliance and stupidity. While the final act shines, the rest is uninspired. I think I need to watch it again to decide.",Neutral
This might be the worst thing I've seen all year. I walked out halfway through.,Negative
This might be the worst thing I've seen all year. It relies too heavily on cheap tropes and tedious writing. Save your money and watch something else.,Negative
Nothing about the cinematography worked. The trailer was better than the movie.,Neutral
An absolute joy to watch from start to finish. It deserves all the awards it's getting.,Neutral
"The acting is fine, but the cinematography is a bit generic. It’s not a masterpiece, but it’s not a disaster either.",Negative
I walked in with low expectations and they were met. Good for a one-time watch.,Neutral
The trailer was better than the movie. I wouldn't recommend this to my worst enemy.,Negative
A cinematic masterpiece. The editing was absolutely intense. A must-watch for fans of the genre.,Positive
I have never been so bored in my life. Zero stars if I could give it.,Neutral
It was... fine. It doesn't leave a lasting impression. Good for a one-time watch.,Neutral
The lead actor delivered a gripping performance. I was hooked from the very first minute.,Neutral
I walked in with low expectations and they were met. It is what it is.,Neutral
"It has some good moments, especially the pacing. It’s not a masterpiece, but it’s not a disaster either.",Positive
It felt like a rough draft that was never edited. What a complete waste of potential.,Negative
The opening scene was frankly unbearable. Total garbage.,Neutral
"The score was serviceable, but nothing special. Middle of the road entertainment.",Neutral
"I tried to like it, I really did, but it failed. The plot holes were glaring and the character development was convoluted. Save your money and watch something else.",Neutral
"I oscillated between loving and hating this film. While the screenplay shines, the rest is dull. It left me puzzled.",Neutral
"It managed to be breathtaking without trying too hard. Finally, a movie that respects the audience.",Neutral
"Simply put, this is cinema at its finest. I can't wait to see it again.",Neutral
The trailer was better than the movie. Do not bother.,Neutral
An absolute joy to watch from start to finish. The lead actor delivered a iconic performance. It deserves all the awards it's getting.,Neutral
An absolute train wreck of a movie. The story arc distracted me from everything else. I wouldn't recommend this to my worst enemy.,Negative
"Ideally, this should have been great, but something was off. A polarizing experience for sure.",Positive
"This is a very difficult movie to categorize. The acting was phenomenal, yet the direction felt convoluted. A polarizing experience for sure.",Positive
"The visuals were delightful, but the story was cringe-worthy. I am confused about how I feel.",Neutral
I was hooked from the very first minute. It perfectly balances humor and drama. It deserves all the awards it's getting.,Positive
An absolute train wreck of a movie. A complete misfire.,Neutral
The trailer was better than the movie. The costume design was frankly lazy. It’s a hard pass from me.,Neutral
It relies too heavily on cheap tropes and clichéd writing. An absolute train wreck of a movie.,Neutral
I walked in with low expectations and they were met. It follows the standard formula without taking risks. You won't remember it a week from now.,Neutral
"Wow, just wow. The chemistry between the cast was refreshing. A must-watch for fans of the genre.",Neutral
I want my two hours back. Zero stars if I could give it.,Neutral
"The soundtrack was decent, but nothing special. It was... fine.",Neutral
An absolute joy to watch from start to finish. I can't wait to see it again.,Neutral
An absolute train wreck of a movie. Utterly disappointing.,Negative
Total garbage. I walked out halfway through.,Neutral
"The chemistry between the cast was gripping. Simply put, this is cinema at its finest.",Neutral
I struggled to sit through the first half. It felt like a rough draft that was never edited. Avoid this at all costs.,Negative
"It’s not a masterpiece, but it’s not a disaster either. Good for a one-time watch.",Positive
"I tried to like it, I really did, but it failed. The final act distracted me from everything else. Zero stars if I could give it.",Neutral
I was hooked from the very first minute. It deserves all the awards it's getting.,Neutral
It relies too heavily on cheap tropes and dull writing. An absolute train wreck of a movie.,Neutral
"Neither good nor bad, just exists. If you're bored, give it a shot.",Neutral
The visual effects were masterful and added so much depth. I didn't expect to enjoy this as much as I did.,Neutral
This might be the worst thing I've seen all year. The plot holes were glaring and the score was dull. Do not bother.,Negative
The score distracted me from everything else. This might be the worst thing I've seen all year.,Negative
I struggled to sit through the first half. Zero stars if I could give it.,Neutral
"Middle of the road entertainment. Visually it's fine, but the lighting is just generic. Good for a one-time watch.",Neutral
I'm honestly still trying to process what I just saw. I think I need to watch it again to decide.,Neutral
Total garbage. Do not bother.,Neutral
I was hooked from the very first minute. Do yourself a favor and go see this.,Neutral
A cinematic masterpiece. Do yourself a favor and go see this.,Positive
"Finally, a movie that respects the audience. The chemistry between the cast was iconic. It deserves all the awards it's getting.",Neutral
"Ideally, this should have been great, but something was off. It left me puzzled.",Positive
"Ideally, this should have been great, but something was off. While the cinematography shines, the rest is lazy. Your mileage may vary significantly.",Positive
"I am confused about how I feel. While the direction shines, the rest is cringe-worthy. It’s definitely not for everyone.",Neutral
This movie is a triumph in every sense. Don't miss this one.,Positive
"The acting was intense, yet the screenplay felt unbearable. I'm honestly still trying to process what I just saw.",Neutral
It relies too heavily on cheap tropes and disjointed writing. An absolute train wreck of a movie.,Neutral
It managed to be breathtaking without trying too hard. I was completely blown away by this film.,Neutral
"The visuals were stellar, but the story was cringe-worthy. I am confused about how I feel.",Neutral
"It felt like a rough draft that was never edited. I tried to like it, I really did, but it failed.",Neutral
It follows the standard formula without taking risks. I have mixed feelings about this one.,Neutral
"It tries to be deep, but comes off as lifeless despite the solid music. I'm honestly still trying to process what I just saw.",Neutral
I want my two hours back. It relies too heavily on cheap tropes and horrible writing. Utterly disappointing.,Negative
"Finally, a movie that respects the audience. It managed to be breathtaking without trying too hard. I can't wait to see it again.",Neutral
"Standard fare for this type of movie. The acting is fine, but the lighting is a bit decent. 6/10 at best.",Neutral
It serves its purpose as popcorn filler. It doesn't leave a lasting impression. 6/10 at best.,Neutral
I struggled to sit through the first half. Do not bother.,Neutral
I walked in with low expectations and they were met. You won't remember it a week from now.,Neutral
"It was... fine. It has some good moments, especially the costume design. 6/10 at best.",Neutral
A refreshing take on a tired genre. Highly recommended for everyone.,Positive
"I oscillated between loving and hating this film. It tries to be deep, but comes off as jarring despite the breathtaking music. It left me puzzled.",Neutral
"It tries to be deep, but comes off as nonsensical despite the stunning music. A strange experience overall.",Neutral
"While the pacing was good, the rest felt adequate. Middle of the road entertainment.",Neutral
"The acting is fine, but the story arc is a bit adequate. It was a decent way to kill an afternoon.",Neutral
"The character development was decent, but nothing special. It’s not a masterpiece, but it’s not a disaster either.",Negative
"Standard fare for this type of movie. While the opening scene was good, the rest felt mediocre. Acceptable, but forgettable.",Neutral
The trailer was better than the movie. The cinematography distracted me from everything else. A complete misfire.,Neutral
"It tries to be deep, but comes off as amateurish despite the vibrant music. I oscillated between loving and hating this film.",Neutral
"The acting was vibrant, yet the acting felt confusing. I'm honestly still trying to process what I just saw.",Neutral
"It serves its purpose as popcorn filler. Visually it's fine, but the acting is just average. It is what it is.",Neutral
This might be the worst thing I've seen all year. The story arc was frankly tedious. I wouldn't recommend this to my worst enemy.,Negative
Total garbage. Save your money and watch something else.,Neutral
"I have mixed feelings about this one. The acting is fine, but the opening scene is a bit generic. It’s okay if you have nothing else to do.",Neutral
I'm honestly still trying to process what I just saw. It left me puzzled.,Neutral
"I oscillated between loving and hating this film. The acting was compelling, yet the final act felt disjointed. I respect the ambition, even if it didn't fully land.",Neutral
"I oscillated between loving and hating this film. The visuals were vibrant, but the story was amateurish. I respect the ambition, even if it didn't fully land.",Neutral
